model_type,combination,mean_train_r2,sd_train_r2,mean_test_r2,sd_test_r2,mean_train_rmse,sd_train_rmse,mean_test_rmse,sd_test_rmse,mean_train_mae,mean_test_mae,n_models,mean_train_samples,mean_test_samples,rank_by_test_r2,rank
linear_regression,healthcare_data_annual_cost,0.998543123613542,0.00199848828947018,0.203232127164633,1.91101934597984,34.1090719493682,32.8682732330139,993.634081109986,808.291483996631,28.8097964893691,834.551765169747,16,7,3,1,1
linear_regression,healthcare_data_hospitalization_risk,0.999722914054985,0.000377955483902536,0.977775353556893,0.0244596443799885,0.000305654888540107,0.00031253698775594,0.00390586145328174,0.00284655383317737,0.000252801049226374,0.00346291860268874,16,7,3,1,1
linear_regression,healthcare_data_mortality_risk,0.999356675201469,0.000976676060938872,0.667588579078605,0.888359125197614,0.000154045143048337,0.000168007221414498,0.0048174383993835,0.00945055441179506,0.000126075568326734,0.00456353787034729,16,7,3,1,1
linear_regression,healthcare_data_quality_of_life,0.999419979672253,0.000957771446571226,0.952584751660111,0.0759922864376651,0.0872135516596251,0.0900475794085767,0.864828601895816,0.518319265310323,0.0720631775778483,0.753839586472917,16,7,3,1,1
